{"cameraMode":{"drawMode":0,"name":"Shaded","section":"Shading Mode"},"sceneLighting":true,"audioPlay":false,"sceneViewState":{"showFog":true,"showMaterialUpdate":false,"showSkybox":true,"showFlares":true,"showImageEffects":true,"showParticleSystems":true},"in2DMode":false,"pivot":{"x":-0.3314528465270996,"y":-0.5532832145690918,"z":5.006026744842529},"rotation":{"x":-0.2723030745983124,"y":-0.3298644721508026,"z":0.09998608380556107,"w":-0.8983572721481323},"size":5.377071380615234,"orthographic":false}